Umbach Jonte;G-452KV;3400-367515-93420;UmbachJonte_Franke@yahoo.com
Gehring Semih;MN-791UD;6759-3499-1329-4599-781;GehringSemih_Treff1@hotmail.com
Giesa Mira;AW-303XT;6767-3621-9085-1711;GiesaMira.Kazmarek@gmail.com
Cierpinski Tara;W-421XJ;4672185024967;CierpinskiTara89@hotmail.com
Moller Lola;P-640QR;6759-4687-9488-3280-82;MollerLola.Keutel@yahoo.com
Kresse Dominic;Y-900CO;3009-202833-0422;KresseDominic.Vahlensieck@gmail.com
Hardy Giada;WF-704NZ;4368685719251;HardyGiada32@yahoo.com
TÃ¤chl Efe;I-721JY;6011-6207-1179-1250-4291;TaechlEfe_Kral@hotmail.com
Ullmann Fabio;U-816XE;6395-3837-3065-9125;UllmannFabio11@yahoo.com
Hingst Jacqueline;JA-546GM;3452-978555-81381;HingstJacqueline7@yahoo.com
